time_s,yaw,pitch
0.0,2.2019234137120978,-1.9316593159690438
0.035727874276261375,2.216472478614195,-2.1590628804838774
0.07145574855252275,2.2183080254233007,-1.992473058355567
0.10718362282878412,2.2418113857022726,-2.0132581264173983
0.1429114971050455,2.1727662834153567,-2.0240590353788575
0.17863937138130687,2.2403225529472084,-2.1037708898728753
0.21436724565756823,2.186736111111111,-1.9898747331760476
0.2500951199338296,2.2599486044932733,-2.0427000805948814
0.285822994210091,2.2288106407961914,-2.01759389527771
0.32155086848635234,2.2238058873000472,-1.8782699773362599
0.35727874276261373,2.200608705000948,-1.8729629655701585
0.39300661703887513,2.210423018154257,-1.9333730306769592
0.42873449131513647,2.2066088192301936,-1.975286095114659
0.46446236559139786,2.211658839100568,-1.9796804911851928
0.5001902398676592,2.222943454610975,-1.9302841452934725
0.5359181141439205,2.2140679162532777,-2.0903186590532328
0.571645988420182,2.2140653059007103,-1.9546029672863818
0.6073738626964433,2.219145310866382,-1.9688199687811219
0.6431017369727047,2.204684302967751,-2.0259021881123447
0.6788296112489661,2.2099239771406793,-2.006104444537358
0.7145574855252275,2.1979358542579064,-2.0367361759518623
0.7502853598014888,2.217260048832901,-1.8941411998220459
0.7860132340777503,2.1998394330859563,-1.9528635945529114
0.8217411083540116,2.2016759051378076,-1.9087779457824818
0.8574689826302729,2.232341316995774,-2.0053257602034917
0.8931968569065343,2.22069026906786,-2.045521949787109
0.9289247311827957,2.221728101389464,-1.980393867993135
0.9646526054590571,2.212568841707858,-2.0604046816107915
1.0003804797353184,2.229872567662484,-1.9968703935526404
1.0361083540115799,2.225950341765211,-2.0643249076621424
1.071836228287841,2.226632245220742,-2.074855838909618
1.1075641025641025,2.2418785061688946,-2.03131827276142
1.143291976840364,2.222995056135993,-2.0263883493666643
1.1790198511166252,2.225314333152579,-2.032856415981288
1.2147477253928867,2.227526395357641,-2.007939810514583
1.2504755996691481,2.2281732071689992,-1.9945064821264071
1.2862034739454093,2.211547743838522,-2.1750015871000508
1.3219313482216708,2.223630972641758,-2.0275462586771296
1.3576592224979322,2.195980004266498,-2.0173270263056438
1.3933870967741935,2.225589575622965,-1.9648354613135386
1.429114971050455,2.200187388930625,-2.1000046101007306
1.4648428453267164,2.225516328968589,-1.993793082868312
1.5005707196029776,2.2122326158446532,-2.1241384580117675
1.536298593879239,2.237348015501608,-2.1397169373184615
1.5720264681555005,2.2267097396852633,-2.0059764699080764
1.6077543424317617,2.230935419829499,-2.0837694361078016
1.6434822167080232,2.2349341065258947,-2.080205387706504
1.6792100909842844,2.220310932828825,-2.0904214707129913
1.7149379652605459,2.2125768965803476,-2.0796244124325103
1.7506658395368073,2.2086402615681515,-2.169196852151588
1.7863937138130686,2.229176607233503,-2.111741972238689
1.82212158808933,2.2255186551616113,-2.0479904499652934
1.8578494623655915,2.2076997683326445,-2.168980453131941
1.8935773366418527,2.201385701932785,-2.1195584126063123
1.9293052109181141,2.23137881029457,-2.1753285661350215
1.9650330851943756,2.219306536360071,-2.1831176319336767
2.000760959470637,2.2160860374875884,-2.1074767791154168
2.036488833746898,2.22604020855755,-2.132262632170286
2.0722167080231597,2.2215751276223714,-2.051785983421251
2.107944582299421,2.2190793737421974,-2.1057703377927193
2.143672456575682,2.2337170001471103,-2.0586321073536
2.179400330851944,2.2353334578054747,-2.165889061689995
2.215128205128205,2.2102676039028775,-2.0715171918145026
2.2508560794044663,2.2102713666714235,-2.101048878347054
2.286583953680728,2.2275737766806496,-2.1169415821024176
2.322311827956989,2.2291196250540706,-2.07774841105028
2.3580397022332504,2.2088221216472483,-2.139403804667582
2.393767576509512,2.216753851613813,-2.128937549697229
2.4294954507857733,2.2273755174740577,-2.051501477548106
2.4652233250620346,2.224825287590374,-1.951356011455959
2.5009511993382962,2.2244091468792475,-2.108871414331598
2.5366790736145575,2.2393487511653913,-2.110000239852251
2.5724069478908187,2.2360189278071827,-2.064791043487136
2.6081348221670804,2.2384772553415906,-2.028544517615556
2.6438626964433416,2.2444806552067686,-2.058139345596614
2.679590570719603,2.2429391425128777,-1.9961928934010151
2.7153184449958645,2.2278910898721462,-2.014236081357939
2.7510463192721257,2.220232870425042,-2.0176606787055924
2.786774193548387,2.236336403570749,-1.9228622345282629
2.8225020678246486,2.220540872096749,-2.117867087653606
2.85822994210091,2.220079276661409,-2.0227453863117577
2.893957816377171,2.224527167695164,-2.089759863743362
2.9296856906534328,2.2202490849363063,-2.0169115842434655
2.965413564929694,2.2116900852392516,-2.0695268733706804
3.001141439205955,2.218112098990189,-1.9776173648110487
3.036869313482217,2.234541924145186,-2.0875843070200437
3.072597187758478,2.253365347592924,-2.046612182837594
3.1083250620347394,2.2413216033988537,-2.0495679434106346
3.144052936311001,2.253435215537806,-1.9506818096910374
3.1797808105872623,2.227427720533625,-2.0171104732121323
3.2155086848635235,2.2154020199709556,-2.0141129345277835
3.251236559139785,2.220507738884093,-1.9535209148359916
3.2869644334160464,2.226679774205777,-2.0680874988876576
3.3226923076923076,2.2075269780742413,-2.0564925738403397
3.358420181968569,2.21957340253315,-1.950102916891675
3.3941480562448305,2.245365388092248,-2.127455116090713
3.4298759305210917,2.288321716690621,-2.013504623044097
3.465603804797353,2.2807027024309816,-2.2336406128278368
3.5013316790736146,2.2494014030877305,-2.144606537196612
3.537059553349876,2.2557562826780457,-2.1418965268250414
3.572787427626137,2.250889153905417,-2.2520317608594116
3.6085153019023988,2.254206083530495,-2.204366506157893
3.64424317617866,2.2471671177098593,-2.2260732809412027
3.6799710504549212,2.2653547976275514,-2.2496817329277654
3.715698924731183,2.255085954764576,-2.264697036626284
3.751426799007444,2.272855812335924,-2.0768160528180575
3.7871546732837054,2.2586439978136217,-2.0490304184147274
3.822882547559967,2.2604547198556255,-2.1852702516847753
3.8586104218362283,2.260438403913126,-2.2611884235889073
3.8943382961124895,2.281940058396155,-2.2747727733722267
3.930066170388751,2.249078842879346,-2.1656340579710145
3.9657940446650124,2.2787212223631887,-2.1458709077990927
4.001521918941274,2.2604664919086193,-2.1071878269813964
4.037249793217535,2.2611738061834923,-2.1492781381565873
4.072977667493796,2.277311317868564,-2.0266701506837386
4.108705541770058,2.25613082403442,-2.0607378174627162
4.144433416046319,2.2723633697455847,-1.9638275553721283
4.18016129032258,2.2661402615890207,-2.212980136010537
4.215889164598842,2.2947133945638023,-2.1006327416027606
4.251617038875104,2.2707353048621703,-2.1465076586814353
4.287344913151364,2.251212583578331,-2.1095946133074848
4.323072787427626,2.261681263829055,-2.148675317417349
4.358800661703888,2.2513966118231132,-2.1756965944272446
4.3945285359801485,2.2930289295012827,-2.0824645268311825
4.43025641025641,2.2563433282048453,-2.128957355005285
4.465984284532672,2.2676334265299785,-1.9976557012964826
4.501712158808933,2.312867169173873,-1.9409793436859069
4.537440033085194,2.3148499257466244,-1.9317057291666666
4.573167907361456,2.34152884345022,-1.7263881370521887
4.608895781637717,2.2994230675694385,-2.1490416720654633
4.644623655913978,2.286123042250857,-2.0654525375895494
4.68035153019024,2.3064854413885665,-1.9066873141072322
4.716079404466501,2.3053388944468005,-1.8314586688721544
4.7518072787427625,2.2749185278774804,-1.8019398811604335
4.787535153019024,2.266385747669003,-1.737837132416913
4.823263027295285,2.2793875922391287,-1.999940273272749
4.858990901571547,2.2820991377605506,-1.8414776182034616
4.894718775847808,2.2796551316482536,-1.8805155354973095
4.930446650124069,2.267211481099426,-1.8038498900761797
4.966174524400331,2.2639001550831015,-1.9585350630823415
5.0019023986765925,2.2550621956623393,-1.892851362287564
5.037630272952853,2.259071801981803,-2.0107336784947596
5.073358147229115,2.2332068145309636,-1.8152229271871898
5.109086021505377,2.245284337268519,-1.8931396623361174
5.144813895781637,2.2397823676464044,-1.8133569386971546
5.180541770057899,2.243776366927476,-1.7436737565805647
5.216269644334161,2.239959625037356,-1.7980937821193825
5.2519975186104215,2.2644148978419447,-1.7492313698696988
5.287725392886683,2.259833117112867,-1.7628072327096143
5.323453267162945,2.2706080093989414,-1.7653896194224648
5.359181141439206,2.26652605079495,-1.8911795751418392
5.394909015715467,2.244122011912528,-1.7899979291778836
5.430636889991729,2.2754207276750122,-2.0031891374505535
5.46636476426799,2.2677125878274684,-1.8834998194728607
5.5020926385442515,2.2781371551598846,-1.8449524909444066
5.537820512820513,2.2817224916449437,-1.9174231444046075
5.573548387096774,2.2707548933379504,-1.8102078912379258
5.609276261373036,2.2731854764118715,-1.8688344761724498
5.645004135649297,2.2552360053416987,-1.847444204463643
5.680732009925558,2.2650818752700825,-1.8162540938637761
5.71645988420182,2.26007107339648,-1.7875111004850057
5.752187758478081,2.2692149808403377,-1.8923665957008446
5.787915632754342,2.2553699058279517,-1.9223157822966914
5.823643507030604,2.268227253650781,-1.84551201011378
5.8593713813068655,2.2651012315782104,-1.8811708984290287
5.895099255583126,2.2658745127624798,-1.80749635178109
5.930827129859388,2.247307209409899,-1.9227465659570202
5.96655500413565,2.2447185521397977,-1.9434884697454002
6.00228287841191,2.249665052611918,-1.9107686613616863
6.038010752688172,2.2818375001773936,-1.834731946515684
6.073738626964434,2.2639280173713066,-1.7845826194929506
6.109466501240695,2.2732150146704355,-1.816371093865266
6.145194375516956,2.221770903565234,-1.765777896280496
6.180922249793218,2.204895537053163,-1.8466992862231661
6.216650124069479,2.2055176368860665,-1.8161981034294066
6.25237799834574,2.1636711017095895,-1.802423397047778
6.288105872622002,2.2093635697744456,-1.751560758910663
6.323833746898263,2.187835533658646,-1.7769787578455476
6.3595616211745245,2.221054795719343,-1.5791923975298372
6.395289495450786,2.207163843499053,-1.711564215390502
6.431017369727047,2.2134326604342918,-1.486409207217541
6.466745244003309,2.193620572579075,-1.679343491646929
6.50247311827957,2.2034629768450853,-1.4685606246340486
6.538200992555831,2.192197129053055,-1.4827208884533725
6.573928866832093,2.213326698939059,-1.4785129583483845
6.6096567411083536,2.2158651707576635,-1.4906749582890946
6.645384615384615,2.193618919433066,-1.5897586614418113
6.681112489660877,2.2001850635496725,-1.488871626150003
6.716840363937138,2.196236836502155,-1.5166614599604291
6.752568238213399,2.1834653522292604,-1.5246873720116112
6.788296112489661,2.1836532639565522,-1.465982894990676
6.824023986765922,2.1892631328737817,-1.591945388933686
6.8597518610421835,2.205727363631848,-1.4906672649575223
6.895479735318445,2.2035850544057207,-1.4818440224461091
6.931207609594706,2.1942195575206016,-1.5605602902451154
6.966935483870968,2.190430480124098,-1.5028418649363133
7.002663358147229,2.194559524740092,-1.5738719838545931
7.03839123242349,2.189792412007173,-1.619224643221203
7.074119106699752,2.2086717517049257,-1.5967651606841171
7.109846980976013,2.184147727339917,-1.5585328127063174
7.145574855252274,2.201384063472216,-1.5401507464849977
7.181302729528536,2.199774328423861,-1.444223119352883
7.2170306038047976,2.182528298190044,-1.5128865335099868
7.252758478081058,2.205335769408287,-1.4885999548392215
7.28848635235732,2.181655735820027,-1.4804429140421818
7.324214226633582,2.1784015494433615,-1.5562888951781904
7.3599421009098425,2.195724132027218,-1.5375998100641033
7.395669975186104,2.200328354768847,-1.5349332911066194
7.431397849462366,2.20750318184863,-1.6031256158105178
7.467125723738627,2.2020768118209517,-1.5471252001601281
7.502853598014888,2.2189327867846846,-1.5481256380959696
7.53858147229115,2.206178658072232,-1.5246335339165065
7.574309346567411,2.185979572116574,-1.5028978794782566
7.610037220843672,2.2300588895002034,-1.5256225718107126
7.645765095119934,2.2141076039896705,-1.525152549584659
7.681492969396195,2.2075435170684097,-1.50914219876142
7.7172208436724565,2.216638669185039,-1.4746877808422945
7.752948717948718,2.217908489513998,-1.4695714242322997
7.788676592224979,2.232944861717051,-1.4859141843049077
7.824404466501241,2.217186375615287,-1.4302758478734925
7.860132340777502,2.2040250953494316,-1.48371477937671
7.895860215053763,2.210602490302,-1.4944450343582665
7.931588089330025,2.191456755453857,-1.5534091455113317
7.9673159636062865,2.1887538174163135,-1.4714954078123248
8.003043837882547,2.1950590210076997,-1.5389490315778143
8.038771712158809,2.194022802521892,-1.5129149633192727
8.07449958643507,2.210962764884137,-1.5117620784634855
8.110227460711332,2.207628783841255,-1.5032343851074534
8.145955334987592,2.189695179457978,-1.5432986162820541
8.181683209263854,2.2233309745705294,-1.569209021396903
8.217411083540116,2.205576348242465,-1.5553478594715708
8.253138957816377,2.2117756527098598,-1.5576854059319645
8.288866832092639,2.227549563972572,-1.604867758888794
8.3245947063689,2.199555932793748,-1.6146113615637698
8.36032258064516,2.1974440349073645,-1.5690152491202431
8.396050454921422,2.2139352559538032,-1.6163883307214302
8.431778329197684,2.2227392087998354,-1.546836971432545
8.467506203473945,2.219149479629777,-1.6160718621810541
8.503234077750207,2.1898423408277923,-1.5833171204674408
8.538961952026469,2.205877114285424,-1.5744434460152126
8.574689826302729,2.215681341441148,-1.555207266142196
8.61041770057899,2.1846614002913642,-1.6267834291498748
8.646145574855252,2.2302548142431804,-1.5477159471054804
8.681873449131514,2.199244236948893,-1.7048522448979593
8.717601323407775,2.2179364470518355,-1.5648949581885052
8.753329197684037,2.2221916826220154,-1.5428252254084684
8.789057071960297,2.2127113808845005,-1.5713331195210605
8.824784946236559,2.215422326337636,-1.5824934289515526
8.86051282051282,2.216928630427611,-1.5016128777716404
8.896240694789082,2.203170187699178,-1.6114074847222626
8.931968569065344,2.2144083379267108,-1.4463986958290387
8.967696443341605,2.2270713535100692,-1.5106089077491693
9.003424317617865,2.1858440694750536,-1.5145262219124764
9.039152191894127,2.186227760299134,-1.6876093424134897
9.074880066170389,2.188510713855711,-1.5689623735038616
9.11060794044665,2.203397902928618,-1.6262220726870393
9.146335814722912,2.2492078901640755,-1.6493667751778782
9.182063688999174,2.2183070384162846,-1.4484827099506
9.217791563275433,2.219833326435265,-1.2292899734576388
9.253519437551695,2.2634954417107678,-1.2506145840603649
9.289247311827957,2.275664064480154,-1.1342228234136744
9.324975186104218,2.356641868300744,-0.7873197046632581
9.36070306038048,2.329589646925135,-0.703309223486519
9.396430934656742,2.3319667329319005,-0.5197233020809513
9.432158808933002,2.353729330475995,-0.5782100099240564
9.467886683209263,2.3488518170749324,-0.6001692981755034
9.503614557485525,2.347052388901316,-0.546692607003891
9.539342431761787,2.3433806768820564,-0.552802845014197
9.575070306038048,2.3280805861417364,-0.46814217703315686
9.61079818031431,2.3439090162367684,-0.4666307262724282
9.64652605459057,2.3501513707643737,-0.4738995466118425
9.682253928866832,2.347592871880574,-0.47528669092512954
9.717981803143093,2.334773213965703,-0.5231905397322045
9.753709677419355,2.327364671622268,-0.5170577192155981
9.789437551695617,2.3549098071699266,-0.42604702068411354
9.825165425971878,2.3667674643738223,-0.4219491682465468
9.860893300248138,2.370349367748664,-0.4788727466129213
9.8966211745244,2.3627804174031493,-0.4466336626874473
9.932349048800662,2.379082363561434,-0.42176070267189647
9.968076923076923,2.382022762054874,-0.4103774900954188
10.003804797353185,2.3774629898555117,-0.4291936463624262
10.039532671629447,2.37208086486712,-0.3834908528160062
10.075260545905707,2.3760847446307842,-0.46251402481338083
10.110988420181968,2.3621254368802918,-0.4084362483869027
10.14671629445823,2.39060788779677,-0.4464679471852501
10.182444168734492,2.376619239337346,-0.362226447203978
10.218172043010753,2.377562470723474,-0.3886247877758913
10.253899917287015,2.4016971479922806,-0.3954801654486616
10.289627791563275,2.3961414518261743,-0.5082870779565141
10.325355665839536,2.393310779096569,-0.3213319702681405
10.361083540115798,2.4156697700855503,-0.4349460936770505
10.39681141439206,2.40056461483792,-0.3932740411339633
10.432539288668321,2.392654836380266,-0.3609755397335783
10.468267162944583,2.396712997288846,-0.4413072196942691
10.503995037220843,2.386184181683386,-0.3767467761254667
10.539722911497105,2.402658574531907,-0.5255309502557346
10.575450785773366,2.3822085203470245,-0.38772268831629214
10.611178660049628,2.398956236516359,-0.49198574014453306
10.64690653432589,2.41180873573168,-0.527327582602879
10.68263440860215,2.403641654082325,-0.3906069667401112
10.718362282878411,2.4395360717486874,-0.5258923867697521
10.754090157154673,2.4175348721322196,-0.4177409586433639
10.789818031430935,2.4242476722557207,-0.4366285157237246
10.825545905707196,2.42323186694457,-0.4103272625776289
10.861273779983458,2.4405800675480305,-0.45309219183067834
10.897001654259718,2.4231244663169393,-0.41829359533590255
10.93272952853598,2.412206636406013,-0.4845101320470813
10.968457402812241,2.4124462669123035,-0.48785858484262856
11.004185277088503,2.420246601285982,-0.46518226938216667
11.039913151364765,2.375915387967012,-0.4541357350394959
11.075641025641026,2.3084412608368186,-0.6378618837033545
11.111368899917286,2.2857383167977456,-0.47178858892047726
11.147096774193548,2.272561680674177,-0.705694172858819
11.18282464846981,2.3385567952013933,-0.6156291834002677
11.218552522746071,2.2868015155280763,-0.5782856156000571
11.254280397022333,2.317769510097144,-0.6719842219036228
11.290008271298595,2.30314171571273,-0.5858211730405938
11.325736145574854,2.2908356686844527,-0.6337429111531191
11.361464019851116,2.2986269294075083,-0.597560438754173
11.397191894127378,2.3148363714682403,-0.5973815077894705
11.43291976840364,2.304505055363393,-0.6539248391209094
11.468647642679901,2.3236511734532135,-0.6496355002144116
11.504375516956163,2.3085603640161962,-0.6461138797582441
11.540103391232423,2.3400726066458626,-0.6216317393573173
11.575831265508684,2.296581957437162,-0.6959039078932802
11.611559139784946,2.3663387485547434,-0.6136630811732204
11.647287014061208,2.3344658356752497,-0.552616700762507
11.68301488833747,2.31115379629285,-0.6073443384290201
11.718742762613731,2.2939920058763485,-0.6471220764202763
11.754470636889991,2.350569081105495,-0.6280561642255795
11.790198511166253,2.284925228278599,-0.7110193499162846
11.825926385442514,2.3544488974307627,-0.6107509178856577
11.861654259718776,2.3074488346041915,-0.7248377128398698
11.897382133995038,2.3421741129538844,-0.6516651632689879
11.9331100082713,2.3630820620675874,-0.5864243682935272
11.96883788254756,2.4309835368166395,-0.6675279279042058
12.00456575682382,2.3925351875105423,-0.7220258491897493
12.040293631100083,2.317503807603425,-0.6616725101990276
12.076021505376344,2.3217402656563357,-1.062291771088245
12.111749379652606,2.286608181456916,-1.4803931473436576
12.147477253928868,2.2085820547809423,-1.9032608128165158
12.183205128205127,2.2215514168196973,-1.9499548941690463
12.21893300248139,2.185232401877954,-2.157029800730058
12.25466087675765,2.1839765318573914,-2.3562937177760994
12.290388751033912,2.1763737428713124,-2.446041001821189
12.326116625310174,2.178639959154735,-2.643383925668623
12.361844499586436,2.179093499178625,-2.953840000735544
12.397572373862696,2.1891598944019526,-2.6603543522619817
12.433300248138957,2.19721299811694,-2.5277147875419517
12.469028122415219,2.174845807068369,-2.628834044281942
12.50475599669148,2.2015382743093586,-2.5519862215519606
12.540483870967742,2.220278195732756,-2.6401343335659457
12.576211745244004,2.1822678882040125,-2.5899342027367602
12.611939619520264,2.197567052881293,-2.5171069929180274
12.647667493796526,2.169238961173629,-2.488302055044384
12.683395368072787,2.1675197700178845,-2.6704373269240818
12.719123242349049,2.1753421772506556,-2.668135095447871
12.75485111662531,2.167663948469252,-2.5256918900685865
12.790578990901572,2.170327957233701,-2.4692535805647435
12.826306865177832,2.2143445887737165,-2.2865720215454934
12.862034739454094,2.2202738658288386,-2.2987076623987126
12.897762613730356,2.1810085218742774,-2.4820104163233014
12.933490488006617,2.1934226556612346,-2.433519174863606
12.969218362282879,2.1689446122550717,-2.529572676054041
13.00494623655914,2.178509153669911,-2.5353930978149886
13.0406741108354,2.1847236115714725,-2.535883515106735
13.076401985111662,2.1810270405747865,-2.563792819499341
13.112129859387924,2.1817119103680542,-2.5663894618336607
13.147857733664186,2.15958894611029,-2.6556718057057584
13.183585607940447,2.1644316942816677,-2.6069394590023958
13.219313482216707,2.170416475109335,-2.438326447103405
13.255041356492969,2.160852905481219,-2.595276175244188
13.29076923076923,2.1455018137211646,-2.5445855271606526
13.326497105045492,2.155329894439412,-2.4373938648012836
13.362224979321754,2.1522652155867243,-2.6728900995588556
13.397952853598015,2.1584520634629656,-2.6040622271095444
13.433680727874275,2.159149127767204,-2.626648970074471
13.469408602150537,2.1569410704294296,-2.544541308909036
13.505136476426799,2.171300448165395,-2.6269374453541054
13.54086435070306,2.1649818616239442,-2.4217006280215063
13.576592224979322,2.1715291788934725,-2.4919849632102933
13.612320099255584,2.150939613618471,-2.456491004036212
13.648047973531844,2.1381595727954066,-2.5798424604349948
13.683775847808105,2.142566701748771,-2.6544800090391103
13.719503722084367,2.1535099331527965,-2.6117182219074904
13.755231596360629,2.1466803374304693,-2.3801054635090018
13.79095947063689,2.1784666455297863,-2.400584091951258
13.826687344913152,2.1642737345963234,-2.5581389907183527
13.862415219189412,2.1759379207592655,-2.58740245436153
13.898143093465674,2.178926233370576,-2.4906333325736685
13.933870967741935,2.1515866871701133,-2.312711033248733
13.969598842018197,2.1293650908943,-2.49370104617407
14.005326716294459,2.1603725870848947,-2.502977949180481
14.04105459057072,2.1550917436323402,-2.4341611026512044
14.07678246484698,2.1618804042639606,-2.258917259702746
14.112510339123242,2.156270718589882,-2.3867011701170116
14.148238213399503,2.1421522050940576,-2.3940035123279615
14.183966087675765,2.138935205362766,-2.4897566211054643
14.219693961952027,2.135209252345044,-2.4255356758584647
14.255421836228289,2.1531539215351803,-2.24772400747955
14.291149710504548,2.1106680699737113,-2.460393999969481
14.32687758478081,2.100484823657905,-2.3623724224119975
14.362605459057072,2.1266543727423,-2.2895713778619182
14.398333333333333,2.135540265766268,-2.3355697785624954
14.434061207609595,2.125472445852472,-2.1481884604608057
14.469789081885857,2.125430939567167,-2.2665303945965163
14.505516956162117,2.1345062938119357,-2.3933729133736845
14.541244830438378,2.136313741910835,-2.2123739930448565
14.57697270471464,2.1395548182678183,-2.19105875466452
14.612700578990902,2.1276651513241673,-2.129845834674679
14.648428453267163,2.1152447448161515,-2.3021605945810526
14.684156327543425,2.111424971834344,-2.0087406180865646
14.719884201819685,2.112104462045009,-2.1005050725586947
14.755612076095947,2.105967763265596,-2.112146205632512
14.791339950372208,2.134607713686582,-2.0478259678534987
14.82706782464847,2.114790365025442,-2.1454052218693187
14.862795698924732,2.1265459093944266,-2.0387576801505842
14.898523573200993,2.119359497520072,-2.116687644589454
14.934251447477253,2.170365735079762,-1.9651726144560377
14.969979321753515,2.1257930602567736,-1.8770451670814803
15.005707196029777,2.1355949702499957,-2.082728177561866
15.041435070306038,2.156215271408996,-1.9081124390732456
15.0771629445823,2.121810404826983,-1.8471066098365914
15.112890818858562,2.1754555161786993,-1.8494386933067193
15.148618693134821,2.1697707150418633,-1.7688883283939718
15.184346567411083,2.187452153023929,-1.7657275758345645
15.220074441687345,2.1872868744061913,-1.6108405828009158
15.255802315963606,2.1772457727463634,-1.561457547197407
15.291530190239868,2.2004968842788233,-1.4981984382603053
15.32725806451613,2.1880599044349545,-1.564448007395531
15.36298593879239,2.1911311587833597,-1.5690611234697034
15.398713813068651,2.2017264821943305,-1.569833674105654
15.434441687344913,2.209419997480552,-1.4350868894716662
15.470169561621175,2.2135920433961065,-1.49586647925662
15.505897435897436,2.2126369394954963,-1.3320747724166686
15.541625310173698,2.246420259422433,-1.3006597228668857
15.577353184449958,2.2371054903590957,-1.2500178371822008
15.61308105872622,2.222801235965744,-1.2099812423141658
15.648808933002481,2.2102629189682266,-1.2089362423694325
15.684536807278743,2.2295359965364705,-1.239209205533113
15.720264681555005,2.208733628456469,-1.229147612130342
15.755992555831265,2.214578648697228,-1.2530446176548025
15.791720430107526,2.1860927489622406,-1.2314438322546495
15.827448304383788,2.184909224124028,-1.183410239247487
15.86317617866005,2.188516558294269,-1.216273597582461
15.898904052936311,2.194138456176003,-1.2462335274287466
15.934631927212573,2.1736472057273213,-1.1605988632469544
15.970359801488833,2.1631955507313942,-1.185925679607615
16.006087675765095,2.1750492596563413,-1.1933974840633104
16.041815550041356,2.1944838165828764,-1.2514176030353559
16.077543424317618,2.1967226678087526,-1.2469574285363758
16.11327129859388,2.1830274430507113,-1.1622233793282999
16.14899917287014,2.1706535088457186,-1.1793636929261988
16.184727047146403,2.1732274291287736,-1.1907002207402115
16.220454921422665,2.191717319893586,-1.192584445822462
16.256182795698926,2.1963399385166458,-1.264239767677319
16.291910669975184,2.1941582979526255,-1.2211600454827858
16.327638544251446,2.202292799189804,-1.2306530651324321
16.363366418527708,2.2376584608309043,-1.2657883194037065
16.39909429280397,2.200869970156849,-1.2622206861996421
16.43482216708023,2.229858514682827,-1.2826370980536104
16.470550041356493,2.2158825399731183,-1.2642319773232207
16.506277915632754,2.230441452602644,-1.2152248734725266
16.542005789909016,2.2447717245534586,-1.242815156651821
16.577733664185278,2.219760960960961,-1.211055591038309
16.61346153846154,2.215251464520708,-1.2453568786387468
16.6491894127378,2.2364696674233078,-1.2150554017518493
16.684917287014063,2.235111856857023,-1.1234069966964455
16.72064516129032,2.2274898090344304,-1.2023207892900694
16.756373035566583,2.236818408419609,-1.175033999421154
16.792100909842844,2.2230871704959356,-1.1950298009260139
16.827828784119106,2.2382731312316677,-1.1733794249688365
16.863556658395368,2.217297023923439,-1.1573836663197177
16.89928453267163,2.2307249033959393,-1.1256988498390528
16.93501240694789,2.241568174398475,-1.1765130182248849
16.970740281224153,2.2450011685029723,-1.1200218900027363
17.006468155500414,2.2550006608467488,-1.1535176429666465
17.042196029776676,2.2660328484464203,-1.2606576407731684
17.077923904052938,2.2850150170522174,-1.1661911935264555
17.1136517783292,2.2519843954771264,-1.21569969670966
17.149379652605457,2.25497022661752,-1.2337807606263982
17.18510752688172,2.256874663666161,-1.2340456104274302
17.22083540115798,2.244190678810122,-1.1557094384471855
17.256563275434242,2.2465936158626922,-1.239518144556633
17.292291149710504,2.244171979024403,-1.2071445657725455
17.328019023986766,2.247881586078032,-1.2176023373440985
17.363746898263027,2.22675748378962,-1.2346473738179333
17.39947477253929,2.2219182336478407,-1.2662508474152663
17.43520264681555,2.2465191779092244,-1.2326313387134606
17.470930521091812,2.228896251001316,-1.306191186301229
17.506658395368074,2.2316637415849554,-1.2733007554975098
17.542386269644336,2.233566048579812,-1.2927135837893426
17.578114143920594,2.2276082334704297,-1.2452018321997753
17.613842018196856,2.22323845420204,-1.2339762759170654
17.649569892473117,2.219393289280699,-1.239543557410532
17.68529776674938,2.208238632285601,-1.2709793328406513
17.72102564102564,2.236221233570239,-1.2632253146206431
17.756753515301902,2.2395826012780775,-1.2682926829268293
17.792481389578164,2.226428043564807,-1.2925451591321802
17.828209263854426,2.2373268265773723,-1.2975025037556334
17.863937138130687,2.2325473300158234,-1.270812152662995
17.89966501240695,2.221824034192983,-1.2461488108226053
17.93539288668321,2.221276252339258,-1.2844200132335726
17.971120760959472,2.2492976179041397,-1.2783888587357213
18.00684863523573,2.2508245203892563,-1.2282958246920959
18.042576509511992,2.245318646828676,-1.1863636930055204
18.078304383788254,2.2525379324742527,-1.2267164761740488
18.114032258064515,2.285268860138998,-1.4036262283776795
18.149760132340777,2.290051828737992,-1.4167026109960892
18.18548800661704,2.316041371254937,-1.3105689600869528
18.2212158808933,2.22608651409182,-1.5011846179065977
18.256943755169562,2.1868839358122885,-1.4476002654618485
18.292671629445824,2.1931975642478707,-1.813530616531877
18.328399503722085,2.2082808687532007,-1.8152981667486128
18.364127377998347,2.2675191528751855,-1.7894705839039835
18.399855252274605,2.212496103655403,-1.8740875912408759
18.435583126550867,2.2484788248660497,-1.9191900918452547
18.47131100082713,2.2231385535026122,-1.843599295756679
18.50703887510339,2.225708324413637,-1.8425027245336238
18.542766749379652,2.2130546651525824,-1.802191382000248
18.578494623655914,2.1896989691309314,-1.8892454143775892
18.614222497932175,2.1903093931591795,-1.804078758586947
18.649950372208437,2.180257024347837,-1.805150828429804
18.6856782464847,2.156530680781207,-1.9652248834313186
18.72140612076096,2.1762755897083497,-1.8292254368651615
18.757133995037222,2.166121443852861,-1.7354027794212388
18.792861869313484,2.2074799202448925,-2.024702720074795
18.828589743589742,2.166973667293914,-1.8888654249553012
18.864317617866003,2.1891102511313765,-1.8020558040252084
18.900045492142265,2.1944070648601053,-2.0351619910670116
18.935773366418527,2.1760239691811316,-1.871663530559621
18.97150124069479,2.1786505579640973,-1.9792810706268884
19.00722911497105,2.2433241027179798,-2.165701690321786
19.042956989247312,2.15706509225579,-4.825910084150821
19.078684863523574,2.1529622905443615,-33.08379606259465
19.114412737799835,2.1273712553824327,-3.337540690623604
19.150140612076097,2.256047039350901,-1.9983596628476252
19.18586848635236,2.2150051600571063,-1.9186219912855045
19.22159636062862,2.178498085060788,-2.049354198644753
19.25732423490488,2.2041850439161053,-1.9694708080640149
19.29305210918114,2.19667208919043,-1.9676838041511746
19.3287799834574,2.193520071736317,-1.9246319346274523
19.364507857733663,2.1943417564439103,-1.8454803662033974
19.400235732009925,2.1815532839509073,-1.8873223626231859
19.435963606286187,2.176911224970123,-1.8413536137878677
19.47169148056245,2.1532975567601267,-1.7799058753524604
19.50741935483871,2.1834041430143483,-1.789939653667503
19.54314722911497,2.17397142436294,-1.7394416923191922
19.578875103391233,2.209851852469304,-2.012084070763966
19.614602977667495,2.213993221659431,-1.7713127863164457
19.650330851943757,2.208585839260347,-1.8075520119955593
19.686058726220015,2.2040809604289016,-1.797503664802243
19.721786600496277,2.1843094294704444,-1.8579429659491542
19.757514474772538,2.2059256372597873,-1.9350425166964709
19.7932423490488,2.1633809428816817,-1.8955947903724368
19.82897022332506,2.1584214223961307,-1.8824799712065265
19.864698097601323,2.141115391605662,-1.7340266260542976
19.900425971877585,2.128588315257543,-1.764278446987301
19.936153846153847,2.1381624659724734,-1.6698575519676098
19.97188172043011,2.1321426418956206,-1.6584811327526425
20.00760959470637,2.1372467595155955,-1.8325564065274982
20.04333746898263,2.1473726568007314,-1.800162407733465
20.079065343258893,2.13094738250916,-1.7775576113746463
20.11479321753515,2.148162057476696,-1.7584336256425763
20.150521091811413,2.1320970827454437,-1.7038275201110826
20.186248966087675,2.1357311993414347,-1.7259273420145418
20.221976840363936,2.1338819184118902,-1.7326764184618457
20.257704714640198,2.141965626992216,-1.6669134680899387
20.29343258891646,2.1509561059888536,-1.6512007234277637
20.32916046319272,2.130586652652707,-1.6783038601674662
20.364888337468983,2.1416626160357564,-1.6762982417561998
20.400616211745245,2.156286709912999,-1.7118529220187877
20.436344086021506,2.147133793586014,-1.689050040811201
20.472071960297768,2.147573178770585,-1.7007977888058294
20.50779983457403,2.156661916477998,-1.6534534840937831
20.543527708850288,2.150220426657851,-1.6115269047136247
20.57925558312655,2.159983659253693,-1.612544140580191
20.61498345740281,2.151691104780521,-1.6205436092158363
20.650711331679073,2.1285009918960736,-1.6201700378437884
20.686439205955335,2.1330710693245805,-1.572012952545881
20.722167080231596,2.140504875897874,-1.6410839963894626
20.757894954507858,2.155634184086586,-1.6316663159250313
20.79362282878412,2.139554820470366,-1.6470636653631476
20.82935070306038,2.1377193003328916,-1.586921607843727
20.865078577336643,2.168473512300912,-1.6146587173622309
20.900806451612905,2.1519571769937023,-1.6208147166671802
20.936534325889166,2.1431012754963983,-1.6497164798582244
20.972262200165424,2.190265111808866,-1.8502221250459654
21.007990074441686,2.1762779554156637,-1.743398097715633
21.043717948717948,2.159912840285358,-1.7018366618542182
21.07944582299421,2.186232835721152,-1.7003875111379552
21.11517369727047,2.1860844118766654,-1.5108237949004282
21.150901571546733,2.213739455745607,-1.505600038601381
21.186629445822994,2.200147929611004,-1.4965193227312377
21.222357320099256,2.19642440672709,-1.5001915054828852
21.258085194375518,2.1832311047966377,-1.5073496307979066
21.29381306865178,2.2068902243632778,-1.448465416505624
21.32954094292804,2.223353164496825,-1.4494249036032807
21.3652688172043,2.188802089494329,-1.4680908002405744
21.40099669148056,2.212531970530421,-1.4193893252338199
21.436724565756823,2.2092123475146956,-1.4192007958879125
21.472452440033084,2.184952113287089,-1.3972484826876053
21.508180314309346,2.1890522682678895,-1.3952894551887611
21.543908188585608,2.1833856151697972,-1.471658295873002
21.57963606286187,2.18788711052183,-1.4462105251547006
21.61536393713813,2.231967765740484,-1.361974161587716
21.651091811414393,2.199375813500892,-1.4447363681628935
21.686819685690654,2.2308846883894637,-1.4279633165357288
21.722547559966916,2.2108053395572598,-1.4867266765396145
21.758275434243178,2.249198593873061,-1.367808794207157
21.794003308519436,2.217280080998697,-1.3815413140553137
21.829731182795697,2.1815426841078405,-1.4088243738681037
21.86545905707196,2.222377109670121,-1.373093308041773
21.90118693134822,2.2250390376600726,-1.405614342891606
21.936914805624482,2.19720061184534,-1.4303870488062649
21.972642679900744,2.1931523316234505,-1.392825387764959
22.008370554177006,2.204630303494211,-1.4039602937870954
22.044098428453268,2.1928430583549927,-1.4235304600944545
22.07982630272953,2.186958693037348,-1.4567668439093329
22.11555417700579,2.199764168130792,-1.4986045486816657
22.151282051282053,2.234296726858106,-1.3975600521337712
22.187009925558314,2.229941342169447,-1.413346225448458
22.222737799834572,2.2103122051576536,-1.4338959113056988
22.258465674110834,2.212219482098275,-1.3745664306595706
22.294193548387096,2.231511676561781,-1.3972328164583392
22.329921422663357,2.1969468626496407,-1.4080843797897227
22.36564929693962,2.2105250732177426,-1.3886268236323611
22.40137717121588,2.2020498063234246,-1.343511716918452
22.437105045492142,2.2197745068479384,-1.490435620192373
22.472832919768404,2.210516428810498,-1.2831972673144798
22.508560794044666,2.22412314464487,-1.365889695580181
22.544288668320927,2.22726319890123,-1.3271994024413416
22.58001654259719,2.2184407681792684,-1.3650362550923671
22.61574441687345,2.210409100088312,-1.410874749036756
22.65147229114971,2.2119827396373446,-1.3577201644027868
22.68720016542597,2.2003981515764974,-1.4431082567868383
22.722928039702232,2.197997102946057,-1.4440564173803176
22.758655913978494,2.2145859449669896,-1.3821647271634727
22.794383788254756,2.196957355299039,-1.411416579550951
22.830111662531017,2.1856140820384953,-1.5140727876726792
22.86583953680728,2.192704788519674,-1.4759100962400622
22.90156741108354,2.1957029873395872,-1.4456627170543372
22.937295285359802,2.2044386341519604,-1.4908814589665653
22.973023159636064,2.203055273810832,-1.4662695395539225
23.008751033912326,2.2063828864063404,-1.3931143014559202
23.044478908188587,2.1980425773052303,-1.5055116010312029
23.080206782464845,2.2087623975955886,-1.560569407380505
23.115934656741107,2.196368448813464,-1.5132864387684433
23.15166253101737,2.1992328978838187,-1.4961634674371518
23.18739040529363,2.192137955145182,-1.4719227207809533
23.223118279569892,2.216642797002661,-1.5461099636709377
23.258846153846154,2.2182296599023776,-1.4740728151673088
23.294574028122415,2.19173916040119,-1.562285010725664
23.330301902398677,2.189629256566864,-1.47449692078869
23.36602977667494,2.2101925897455885,-1.422231374017222
23.4017576509512,2.215652660048653,-1.4025553797709516
23.437485525227462,2.2147535313885753,-1.40317461278931
23.473213399503724,2.18774188010139,-1.50871801304566
23.508941273779982,2.211646954569907,-1.4146872093241025
23.544669148056244,2.2039435865864534,-1.4158278673450622
23.580397022332505,2.2162361458435416,-1.4187687006141676
23.616124896608767,2.198867738375369,-1.5026387905384593
23.65185277088503,2.1912622717459733,-1.5101013276659425
23.68758064516129,2.2090648266676,-1.492335183978062
23.723308519437552,2.2007518046858423,-1.4667573332167472
23.759036393713814,2.2110924099472458,-1.4699457892964047
23.794764267990075,2.189262702759581,-1.459287354721971
23.830492142266337,2.1796175859099582,-1.400733068397739
23.8662200165426,2.2119973837727045,-1.444638781817661
23.901947890818857,2.199579226675531,-1.499583698931067
23.93767576509512,2.19527410612782,-1.482875288719694
23.97340363937138,2.177542981849151,-1.4539785614416654
24.00913151364764,2.167057463633517,-1.5364558769168015
24.044859387923903,2.1967583381538764,-1.4269340974212035
24.080587262200165,2.201992259739551,-1.3269260487619319
24.116315136476427,2.1951063139244726,-1.4778532169414809
24.15204301075269,2.203836823991959,-1.3877672514867923
24.18777088502895,2.22579214953316,-1.2734226896883387
24.223498759305212,2.2249694165875766,-1.3153302227441426
24.259226633581473,2.247986132354441,-1.393138045617318
24.294954507857735,2.2318604502715287,-1.278120690388389
24.330682382133993,2.238606419467243,-1.4442434200211964
24.366410256410255,2.260515669247781,-1.3724468024126006
24.402138130686517,2.2398987315101455,-1.3739478153466111
24.43786600496278,2.2618257468596306,-1.4394393241167436
24.47359387923904,2.2492231171349104,-1.4718082720757801
24.5093217535153,2.2422736239507985,-1.3337096478916215
24.545049627791563,2.228401507200248,-1.3078256413348204
24.580777502067825,2.2278413054541937,-1.2904093376832377
24.616505376344087,2.215457432445735,-1.392578705078705
24.65223325062035,2.2200781672678764,-1.419566957648763
24.68796112489661,2.200322497958308,-1.46437015222531
24.72368899917287,2.198424410781718,-1.5127115275140806
24.75941687344913,2.2204322094368925,-1.4646709851622033
24.79514474772539,2.217324197170474,-1.483279910453077
24.830872622001653,2.202966992226383,-1.502830398284373
24.866600496277915,2.2131742611554728,-1.4604001184391777
24.902328370554176,2.2132551675856478,-1.4565336027312268
24.938056244830438,2.2179074015680187,-1.4328824635726363
24.9737841191067,2.222025040095256,-1.4193355215029748
25.00951199338296,2.1973309387058344,-1.3730726395248112
25.045239867659223,2.1975792270255883,-1.4345007980956423
25.080967741935485,2.205962824995293,-1.4780614280015956
25.116695616211747,2.197269835059245,-1.556498695706182
25.152423490488008,2.1417012323263735,-1.1101049165262675
25.188151364764266,2.1181737324759444,0.6693604162454913
25.223879239040528,2.129168433586572,1.887505326452346
25.25960711331679,2.278210310108486,-1.5666795867198005
25.29533498759305,2.2587533177773635,-1.1383696405320827
25.331062861869313,2.2417165005604973,-1.317832923964118
25.366790736145575,2.2330050992202093,-1.4173113462553786
25.402518610421836,2.2104982769341914,-1.4472551338357882
25.438246484698098,2.205091971511875,-1.3534933603258381
25.47397435897436,2.2095135975438422,-1.2931736166184074
25.50970223325062,2.2037021304999485,-1.2909232494393221
25.545430107526883,2.259959852752626,-1.2310808311239905
25.581157981803145,2.231196755009168,-1.2807162852618366
25.616885856079403,2.226278993484447,-1.1834972316337493
25.652613730355665,2.2370642191782824,-1.2272318936365445
25.688341604631926,2.2398477072669394,-1.1586285935558012
25.724069478908188,2.265566812939398,-1.2309711531858845
25.75979735318445,2.2553525742005003,-1.212471979838148
25.79552522746071,2.2444535793598477,-1.1843180223859748
25.831253101736973,2.2636327388764066,-1.0946620607924962
25.866980976013235,2.2361524543985896,-1.0757611047434585
25.902708850289496,2.284803732611317,-1.1408812061016347
25.938436724565758,2.2676830173283093,-1.052650018913204
25.97416459884202,2.2527675590566485,-1.058841651263093
26.00989247311828,2.2398313459146206,-1.0961981531047589
26.04562034739454,2.2533634243659795,-1.1798430198032583
26.0813482216708,2.2484010591679158,-1.078667796589353
26.117076095947063,2.224274305782689,-1.134977913651875
26.152803970223324,2.215078240383638,-1.202762669296313
26.188531844499586,2.2202270383076113,-1.1515043954613755
26.224259718775848,2.228504371747641,-1.1327087045430084
26.25998759305211,2.2275487744657116,-1.1527877497088868
26.29571546732837,2.227880447622308,-1.1493519519801902
26.331443341604633,2.225276425627734,-1.0831260213165532
26.367171215880894,2.2232964903665757,-1.0785348415660863
26.402899090157156,2.2121793664817577,-1.2070018597362384
26.438626964433414,2.210588936416094,-1.1737819025522043
26.474354838709676,2.1849751134148034,-1.2463276689919371
26.510082712985938,2.196968346824206,-1.2522279067870776
26.5458105872622,2.2023354457362943,-1.2077721648051165
26.58153846153846,2.230453808554468,-1.1885594298803768
26.617266335814723,2.223602835054362,-1.164997343788348
26.652994210090984,2.243247034035855,-1.168036934173568
26.688722084367246,2.2054508076889454,-1.1669189303591871
26.724449958643508,2.2116865388178337,-1.1522904108384195
26.76017783291977,2.2064078753309095,-1.1548728488795874
26.79590570719603,2.1877145632584813,-1.136945464864148
26.831633581472293,2.188304288463399,-1.1244749857096703
26.86736145574855,2.184083595542016,-1.0929942166140905
26.903089330024812,2.1885003086030648,-1.15695575747824
26.938817204301074,2.205960568491515,-1.1176189362565014
26.974545078577336,2.2262214700251466,-1.1325551646945955
27.010272952853597,2.237688594315475,-1.107056229327453
27.04600082712986,2.2277649359620346,-1.1207601485251784
27.08172870140612,2.2199814529731348,-1.1364540850625195
27.117456575682382,2.205335248710379,-1.027076872767381
27.153184449958644,2.252279833636513,-0.9410784373935716
27.188912324234906,2.2458370637774276,-1.0313577454795402
27.224640198511167,2.2419758637220366,-1.1235085965883767
27.26036807278743,2.2143904386949,-1.0676027934323395
27.296095947063687,2.23883627244984,-1.1609113831048474
27.33182382133995,2.2485165776364644,-1.0557329582353758
27.36755169561621,2.219373623679127,-0.9881592939174819
27.403279569892472,2.2351613436622673,-1.0610643039626027
27.439007444168734,2.2224423978298993,-1.0207742505406665
27.474735318444996,2.2361996729327953,-1.0253820680864034
27.510463192721257,2.252123801156486,-0.9902069324823758
27.54619106699752,2.237856429503628,-0.9534105733061041
27.58191894127378,2.2533719647288852,-0.9499775803903148
27.617646815550042,2.26287335146428,-1.04741057391365
27.653374689826304,2.2753466939042446,-1.1655518297042764
27.689102564102566,2.2639050506640364,-1.1162559461261201
27.724830438378824,2.259551347344186,-1.0975350468306295
27.760558312655085,2.2499570768721813,-1.1183169010515268
27.796286186931347,2.281019389784083,-1.1245645492553755
27.83201406120761,2.2420856234347837,-1.0749932132838658
27.86774193548387,2.2261332984961077,-1.0513307879054168
27.903469809760132,2.2577999171275693,-1.0350772402000399
27.939197684036394,2.250278694799292,-1.072296680042092
27.974925558312655,2.245349016495528,-1.0485753712857289
28.010653432588917,2.250555607612485,-1.073806167764613
28.04638130686518,2.257551001311809,-0.989324474294856
28.08210918114144,2.2589053696400865,-1.0333149197741895
28.117837055417702,2.2331038383511572,-1.032397840050783
28.15356492969396,2.2358688656834165,-0.9949214872766348
28.189292803970222,2.22866750635709,-1.0503401474624496
28.225020678246484,2.2453633810142732,-1.0681056527291746
28.260748552522745,2.245196684737866,-1.0735066802468396
28.296476426799007,2.2257600193103415,-1.0216280385047125
28.33220430107527,2.223403238679634,-1.045228068094193
28.36793217535153,2.234837113548854,-1.0279456193353473
28.403660049627792,2.2211568363221725,-0.9879219822226316
28.439387923904054,2.2046566613445164,-1.1946027798638383
28.475115798180315,2.2191119131480916,-1.2227376868647233
28.510843672456577,2.2297262509592874,-1.2036215722644132
28.54657154673284,2.2008318270938823,-1.2030403324644299
28.582299421009097,2.2133786432247193,-1.2086853792199117
28.61802729528536,2.2189289233309366,-1.2271161141862057
28.65375516956162,2.2143180339922512,-1.1786759321342608
28.689483043837882,2.1943692551960288,-1.240285380116959
28.725210918114144,2.221845116094285,-1.2585152358628773
28.760938792390405,2.214008119601489,-1.2560241055763217
28.796666666666667,2.219654666064551,-1.2080141999937168
28.83239454094293,2.2221388967655913,-1.1999891970307268
28.86812241521919,2.220792221787249,-1.1679597241745447
28.903850289495452,2.2206095188707193,-1.190398978887647
28.939578163771714,2.197065078486527,-1.1450013417579468
28.97530603804797,2.202872937018718,-1.2252586146588356
29.011033912324233,2.223045664688594,-1.1992455093601035
29.046761786600495,2.198018762565553,-1.1916382921581399
29.082489660876757,2.20096156907122,-1.199769983099554
29.11821753515302,2.1925567914444914,-1.190087139237377
29.15394540942928,2.183348582157386,-1.1770790053891436
29.18967328370554,2.195765427398977,-1.1569413583228674
29.225401157981803,2.197076868943669,-1.2270649537774547
29.261129032258065,2.209011748152934,-1.2284809119582207
29.296856906534327,2.1947057130083114,-1.1968384609135279
29.33258478081059,2.197492964645543,-1.2099703751025597
29.36831265508685,2.2079762051479364,-1.213966759156322
29.404040529363108,2.1897565624229305,-1.22254287774556
29.43976840363937,2.214086887726438,-1.2586879317739332
29.47549627791563,2.2084372867509394,-1.1516951408853084
29.511224152191893,2.2297114973530814,-1.203274827652739
29.546952026468155,2.214391843085631,-1.1785663836501616
29.582679900744417,2.2190178984294993,-1.1910427311654594
29.61840777502068,2.194212828797553,-1.2113647954898745
29.65413564929694,2.213465901911505,-1.162175602463599
29.6898635235732,2.18419425831703,-1.190686096236566
29.725591397849463,2.2090539496197574,-1.1114505571259288
29.761319272125725,2.1776275114533394,-1.1462811797335013
29.797047146401987,2.2027706774001827,-1.161064510198115
29.832775020678245,2.1925533653826004,-1.2807924230072745
29.868502894954506,2.2143899510874867,-1.151097659331212
29.904230769230768,2.2181936795398682,-1.183355550733174
29.93995864350703,2.225095556397588,-1.1327473952497482
29.97568651778329,2.2227088090314866,-1.2099639051859936
30.011414392059553,2.197938781706947,-1.1359947957681378
30.047142266335815,2.13581119098217,-1.099873352138622
30.082870140612076,2.154949290073155,-1.0856930497661046
30.118598014888338,2.2196997937324485,-0.9943462877775853
30.1543258891646,2.2183488969083673,-0.9468535076628244
30.19005376344086,2.2322018985644205,-0.9473768266389843
30.225781637717123,2.2622119560114364,-0.9359590174221594
30.26150951199338,2.244589265976893,-0.9162906455928668
30.297237386269643,2.201710270211894,-0.9175658462188762
30.332965260545905,2.2079458837809094,-0.8905135441434635
30.368693134822166,2.2103841558884856,-0.9068984967707364
30.404421009098428,2.2147121996445955,-0.8928181386184838
30.44014888337469,2.24311162478094,-0.8759727897215511
30.47587675765095,2.213510356314642,-0.8597174475836035
30.511604631927213,2.215518106377523,-0.8167316109455669
30.547332506203475,2.21447934701954,-0.829116787024023
30.583060380479736,2.2076812921982407,-0.8543798077453675
30.618788254755998,2.1879861663809095,-0.8362899630489663
30.65451612903226,2.215358241703982,-0.8566346714918174
30.690244003308518,2.20379881091829,-0.8607828475755458
30.72597187758478,2.1771766987854484,-0.902240689855461
30.76169975186104,2.197551872783342,-0.910990188734299
30.797427626137303,2.224359666397392,-0.8813211832590432
30.833155500413564,2.1869223678214076,-0.9123797110291467
30.868883374689826,2.2082145476912145,-0.8860986105180173
30.904611248966088,2.2043942594859014,-0.9006578159204522
30.94033912324235,2.2018148595230698,-0.8767895267304628
30.97606699751861,2.2243577439398994,-0.942848692902591
31.011794871794873,2.236614022161935,-1.0449114725780912
31.047522746071134,2.242290916405813,-0.9714720503788343
31.083250620347396,2.223306314298648,-1.0057975005419593
31.118978494623654,2.236989637942383,-0.994318097636862
31.154706368899916,2.244830408160283,-1.0249508911138998
31.190434243176178,2.2209282732415843,-1.027289530785392
31.22616211745244,2.2034346463540806,-1.038880268979553
31.2618899917287,2.2266604658823645,-1.0120545390697844
31.297617866004963,2.221450148515774,-1.017327927695597
31.333345740281224,2.224410154874779,-0.9988674092242412
31.369073614557486,2.2179629569529937,-1.0511226908393494
31.404801488833748,2.237090908872011,-1.0972047209427311
31.44052936311001,2.2259482201743412,-1.1564591640025383
31.47625723738627,2.2229271851183507,-1.1057636728964246
31.51198511166253,2.2280477991953402,-1.0246158363511795
31.54771298593879,2.2526078050700638,-1.043543104812691
31.583440860215052,2.232812751715512,-1.0718719031181716
31.619168734491314,2.228363840260971,-1.0701076985902274
31.654896608767576,2.217437951205353,-1.1138079239686431
31.690624483043838,2.208456951994487,-1.091865132459192
31.7263523573201,2.2196307367891355,-1.102226614714317
31.76208023159636,2.233628913412247,-1.1245719376007546
31.797808105872623,2.2257592534008226,-1.1459047790046981
31.833535980148884,2.2215519462234816,-1.1365431884739927
31.869263854425146,2.208274879765431,-1.0626985261666035
31.904991728701408,2.2022101884397722,-1.0788550793057148
31.940719602977666,2.2245111913772524,-1.0640977549374495
31.976447477253927,2.2011513016786934,-1.0188040482752068
32.01217535153019,2.2269593389872577,-1.1311924024778783
32.04790322580645,2.2265105372335627,-1.1521485094437882
32.08363110008271,2.2847064893670987,-1.2640367878710779
32.119358974358974,2.0966502805567466,1.1009326588681632
32.155086848635236,2.1576929124853477,0.09125987999365441
32.1908147229115,2.1451680081385955,0.23772069790835618
32.22654259718776,2.0707618984972522,-0.6968473465596863
32.26227047146402,2.3586268100334564,-0.9971278668612351
32.29799834574028,2.278599379036249,-0.777126286499715
32.333726220016544,2.255618146371436,-0.8198876579809643
32.369454094292806,2.275911402779099,-0.7938391983100623
32.40518196856907,2.289468128523077,-0.8538824300809522
32.44090984284533,2.24975204246682,-0.9340243141141567
32.47663771712159,2.293649935558223,-1.1562096221171545
32.51236559139785,2.274470305456474,-1.0862439153516963
32.548093465674114,2.257161941877865,-0.9510802295487791
32.58382133995037,2.2804646688340307,-0.875426147212598
32.61954921422663,2.2420751865839077,-0.7825106650531055
32.65527708850289,2.2510428274302026,-0.8145412451238464
32.691004962779154,2.246630832253637,-0.7254784688995215
32.726732837055415,2.2061632983119934,-0.8839533718865261
32.76246071133168,2.205427507335521,-0.8063170822192941
32.79818858560794,2.226236065885056,-0.8273970295609214
32.8339164598842,2.224380604991588,-0.7768959654500552
32.86964433416046,2.232963123163357,-0.8044565767857804
32.905372208436724,2.210020671982319,-0.8712511851240174
32.941100082712985,2.2066540771569034,-0.815804302637181
32.97682795698925,2.210254531591582,-0.8386263289016058
33.01255583126551,2.217657149712092,-0.787575633839415
33.04828370554177,2.2262408383000496,-0.8953765023301448
33.08401157981803,2.2214055315846357,-0.930816054307597
33.119739454094294,2.2461621012916515,-0.9857351412876726
33.155467328370555,2.2371378370409594,-1.0076626211164776
33.19119520264682,2.2790312339739676,-1.0338931810547531
33.22692307692308,2.265625235863155,-0.9870633122689877
33.26265095119934,2.254456268816242,-1.0687712982146294
33.2983788254756,2.271607174938889,-0.9952794207064286
33.334106699751864,2.267295138476311,-1.0040509293308464
33.369834574028125,2.2304793276189683,-1.053572914561514
33.40556244830439,2.243794371933744,-1.0421535142908502
33.44129032258064,2.247027902790279,-1.0796490556693605
33.4770181968569,2.252144408644098,-1.0667830189207814
33.512746071133165,2.249892786585072,-1.0800195717246144
33.54847394540943,2.254263175815136,-1.0910681697428908
33.58420181968569,2.2566138521929355,-1.1470556846748565
33.61992969396195,2.241839702214831,-1.0870483042613241
33.65565756823821,2.246066969482004,-1.04724679046375
33.69138544251447,2.253811672912721,-1.0386565348812005
33.727113316790735,2.2399792258617115,-0.9991632744054616
33.762841191067,2.2488278826181642,-1.0400307032477345
33.79856906534326,2.2476131458097584,-1.0032164398437224
33.83429693961952,2.249628268835978,-1.0135956268768769
33.87002481389578,2.2632568142107976,-0.997713799848974
33.90575268817204,2.2398033561052944,-0.9781906205911451
33.941480562448305,2.2471389325361044,-0.9625825625509967
33.97720843672457,2.254036804896242,-1.0025038543127731
34.01293631100083,2.262135858026929,-1.0021203965840644
34.04866418527709,2.246258751581105,-0.9501777108087279
34.08439205955335,2.2507694361156085,-0.9923997384607373
34.12011993382961,2.245023815809175,-0.9757863529522932
34.155847808105875,2.252002536295312,-0.9217712548344549
34.19157568238214,2.246205843846489,-0.9526345307853642
34.2273035566584,2.257999220899227,-0.949375295386517
34.26303143093465,2.26237611800368,-0.9517394513763215
34.298759305210915,2.2490952113299882,-0.9590882957852499
34.334487179487176,2.262664310881418,-0.9365187887590851
34.37021505376344,2.2414355145503775,-0.9379077417296501
34.4059429280397,2.266572423187528,-0.9531882665660787
34.44167080231596,2.2631224407015376,-0.9720286138959785
34.47739867659222,2.2646781151890614,-0.9699763789316647
34.513126550868485,2.2378165107860486,-0.9712728445991105
34.54885442514475,2.2451701018721613,-0.9366553377504663
34.58458229942101,2.2505045082629946,-0.9587549997590478
34.62031017369727,2.2533814200972038,-0.9699307083664965
34.65603804797353,2.2642070461974275,-0.956445834258927
34.69176592224979,2.2706155854619694,-0.9717942036881314
34.727493796526055,2.2595521494417308,-0.9103289836427128
34.76322167080232,2.2571162387069403,-0.9701298701298702
34.79894954507858,2.242940300828723,-1.0067745422924157
34.83467741935484,2.262681782301922,-0.9866165287071855
34.8704052936311,2.268991006191809,-0.9716377177544826
34.90613316790736,2.2099512940037886,-0.8804285049427781
34.941861042183625,2.206926163286796,-0.9364849204016791
34.97758891645989,2.213905150418646,-0.9453210865127963
35.01331679073615,2.22870603999188,-0.9783933904597092
35.04904466501241,2.2201780897677215,-1.0051474355988261
35.08477253928867,2.222295302086688,-0.9434510505140814
35.120500413564926,2.1851962238850904,-1.0380066530261338
35.15622828784119,2.2298224540252862,-0.9496526544773508
35.19195616211745,2.2397643139755163,-0.9397010911723639
35.22768403639371,2.210058024736224,-0.9506875229409606
35.26341191066997,2.2121895273092305,-0.8860330024250739
35.299139784946234,2.1810430726914434,-0.9722620892418744
35.334867659222496,2.194480334415787,-1.0040007389820522
35.37059553349876,2.2045999150553746,-0.9685435878155491
35.40632340777502,2.1957703210750434,-0.9753439932992578
35.44205128205128,2.1980356354710184,-0.9303625288308002
35.47777915632754,2.179800006239306,-0.9766231930613556
35.513507030603805,2.181507244842471,-0.9818563567180244
35.549234904880066,2.2013141016124664,-0.9376842007807799
35.58496277915633,2.1895994186793906,-0.9680727746015929
35.62069065343259,2.222279898814137,-0.9394028133123722
35.65641852770885,2.207492175582,-0.976448777452226
35.69214640198511,2.20381699718257,-0.9483723141666329
35.727874276261375,2.188784350166004,-1.001454141591549
35.763602150537636,2.1811427761406676,-0.9469005973459241
35.7993300248139,2.196932271928371,-0.921611986041651
35.83505789909016,2.1790398912504396,-0.9573974603331765
35.87078577336642,2.2115597737279806,-0.9242256492743481
35.90651364764268,2.1862289807746764,-0.9865057400574005
35.942241521918945,2.177721270011218,-0.9625044797515231
35.9779693961952,2.159721033332717,-0.9508426229590091
36.01369727047146,2.174311370998013,-0.9598696814777629
36.04942514474772,2.1714304507456617,-0.94573416377844
36.085153019023984,2.169087239439066,-0.9672239016499845
36.120880893300246,2.1767804219958333,-0.9616681895182503
36.15660876757651,2.2559192567829167,-0.9471665922990105
36.19233664185277,2.1974286220961163,-1.0809051716405862
36.22806451612903,2.2192489780726268,-1.0415438906043228
36.26379239040529,2.2116735284114286,-1.0952298424688642
36.299520264681554,2.232113859680917,-1.1356653544527449
36.335248138957816,2.2103862431526586,-1.1665254454886254
36.37097601323408,2.207757570666555,-1.0149724969783676
36.40670388751034,2.219913419128863,-1.1539431864557699
36.4424317617866,2.2000267649663723,-1.0454556668475847
36.47815963606286,2.2258702502988372,-1.1550358946089179
36.513887510339124,2.2023237531558535,-1.0237069626738828
36.549615384615386,2.199704936417295,-1.0089019349427903
36.58534325889165,2.2082048136865735,-1.0745094135886253
36.62107113316791,2.2335661708349988,-1.0458030804751344
36.65679900744417,2.243788949552727,-1.029714699493121
36.69252688172043,2.2370917922350775,-1.026044314462463
36.728254755996694,2.252234734576688,-1.0382360578171432
36.763982630272956,2.2545227501424536,-1.0124386101803828
36.79971050454921,2.253815552085386,-1.0197715419735514
36.83543837882547,2.2342827529320664,-1.0517936046835175
36.871166253101734,2.219668195971156,-0.9902190298838344
36.906894127377996,2.235111047897768,-1.0568861916715093
36.94262200165426,2.2221173604478386,-0.9732878069875133
36.97834987593052,2.2371449240414756,-0.9536153069201843
37.01407775020678,2.237493506759599,-1.0170701073304407
37.04980562448304,2.2299521681323404,-1.045692090812035
37.085533498759304,2.230748308122927,-0.9735134125557398
37.121261373035566,2.2328605328800024,-1.019008869624783
37.15698924731183,2.2248266101424785,-1.001150944818429
37.19271712158809,2.238332961581726,-1.003525147997949
37.22844499586435,2.253367093347345,-1.0269800780258085
37.26417287014061,2.2395728060363895,-0.9921269525329307
37.299900744416874,2.257020812368355,-0.9759884193821774
37.335628618693136,2.2530188803511297,-0.9663205687529228
37.3713564929694,2.23711215383996,-0.9589211083925498
37.40708436724566,2.2319904940503883,-0.9788716532212652
37.44281224152192,2.2420783614832773,-0.9738902772819231
37.47854011579818,2.2392084326542463,-1.0026799698358373
37.514267990074444,2.2097362310211373,-1.007899101507034
37.549995864350706,2.2340018729045528,-0.9797328946316163
37.58572373862697,2.216723708606738,-0.9421139069740161
37.62145161290323,2.2242926849159486,-0.9022657008354702
37.657179487179484,2.2466496331768164,-0.9940699016898156
37.692907361455745,2.233845388804678,-0.9882284832111154
37.72863523573201,2.2370980814372308,-0.9849588021820008
37.76436311000827,2.238704546793345,-0.9653651221395994
37.80009098428453,2.2307313375824442,-0.9751786269027648
37.83581885856079,2.226654763247926,-0.9446668477929394
37.871546732837054,2.243655167680339,-0.9518460312541502
37.907274607113315,2.231907901618434,-0.9542425766338263
37.94300248138958,2.235116505635781,-0.9885116636875806
37.97873035566584,2.224502904845708,-0.9584765695675773
38.0144582299421,2.2485888645678123,-0.948329606288541
38.05018610421836,2.2676347943524977,-0.9352322236851771
38.085913978494624,2.2512280636250477,-0.9188481966884541
38.121641852770885,2.2447915285974904,-0.9034196641635834
38.15736972704715,2.2443498647430116,-0.9160839542862138
38.19309760132341,2.2552598413298073,-0.9633091931262722
38.22882547559967,2.2455065229011106,-0.961696946993819
38.26455334987593,2.23492939746417,-0.970689269530592
38.300281224152194,2.236077335104586,-0.9532754128764461
38.336009098428455,2.234490896931857,-1.0359562645132125
38.37173697270472,2.2346348673611534,-1.02155228841874
38.40746484698098,2.236947584173369,-0.9566329792298589
38.44319272125724,2.230950628896738,-0.9743611844849159
38.4789205955335,2.26614773304803,-1.022410713776241
38.51464846980976,2.2499163039839303,-1.0077010083175855
38.55037634408602,2.2699806015051287,-1.0354448510975478
38.58610421836228,2.223568230672919,-1.0231386787364016
38.62183209263854,2.23782202340656,-1.0136876577744423
38.6575599669148,2.233778889674555,-1.0236131642418111
38.693287841191065,2.243355051823696,-1.0091453238690729
38.72901571546733,2.24011427761083,-0.977996545579464
38.76474358974359,2.2316320341296683,-1.0254314093597043
38.80047146401985,2.2234071158951694,-0.999338113623828
38.83619933829611,2.2233033859294666,-1.034079006741143
38.87192721257237,2.2299630565817616,-1.0175650234365943
38.907655086848635,2.236626442975897,-1.001422125096963
38.9433829611249,2.2386853597150393,-1.0160801764564957
38.97911083540116,2.2437393437076114,-1.0004644837270067
39.01483870967742,2.2277925112476127,-1.0246130004979104
39.05056658395368,2.237458235218049,-1.0285706038563676
39.08629445822994,2.225493386712644,-1.0696145750664228
39.122022332506205,2.234540074799413,-1.0175610727184825
39.15775020678247,2.2274462133376085,-1.0410136501516682
39.19347808105873,2.2213845029711825,-1.0611042648024231
39.22920595533499,2.228893094657935,-1.0300369137191279
39.26493382961125,2.2252448596676553,-1.0315544836410369
39.30066170388751,2.2484445329976364,-1.0571607781562846
39.336389578163775,2.2435344049341466,-1.002574862796194
39.37211745244003,2.2123073015237,-1.025159021859105
39.40784532671629,2.227581263014386,-1.0138520782466987
39.44357320099255,2.2281816044701896,-1.0948810724242244
39.479301075268815,2.2291112986856385,-1.1331852296607625
39.515028949545076,2.217947654602355,-1.1379141577433038
39.55075682382134,2.2283827662831404,-1.071057992987776
39.5864846980976,2.2417514553400486,-1.0402043189966306
39.62221257237386,2.224471701966626,-1.1353221079111935
39.65794044665012,2.2127127648430323,-1.1952431815699078
39.693668320926385,2.236937371350731,-1.1275550563697518
39.729396195202646,2.236813719028852,-1.0991276597028252
39.76512406947891,2.2342813788692837,-1.155359212736262
39.80085194375517,2.235622797992457,-1.2780283883406354
39.83657981803143,2.2590928509615913,-1.1379319656047668
39.87230769230769,2.2558362488904615,-1.1106725892133618
39.908035566583955,2.2578305816064272,-1.1668238496296253
39.94376344086022,2.2429751497544426,-1.2437491357905939
39.97949131513648,2.2557429077906175,-1.1293839874709317
40.01521918941274,2.2777355730174347,-1.1446480024082915
40.050947063689,2.2531396877507666,-1.1461346075523866
40.08667493796526,2.2454826711309477,-1.193295674148952
40.122402812241525,2.2459157879137206,-1.2037588410788058
40.15813068651779,2.2449573729157555,-1.2033879049521052
40.19385856079404,2.234646585178138,-1.1840851042254235
40.2295864350703,2.2504991085182,-1.1736382328965458
40.265314309346564,2.2515227298762968,-1.1639464401053312
40.301042183622826,2.263139428684008,-1.1175387804703696
40.33677005789909,2.2538075406497757,-1.127571978894711
40.37249793217535,2.2658733200236996,-1.1899347691410662
40.40822580645161,2.272518080210388,-1.1524384025148933
40.44395368072787,2.2434108227658607,-1.129577211533442
40.479681555004134,2.2511446543928137,-1.1468884251871854
40.515409429280396,2.234497533671169,-1.0988717726187893
40.55113730355666,2.353500091874215,-1.1117805645194232
40.58686517783292,2.1452071588545496,-0.22646902895788856
40.62259305210918,2.118241131299219,-0.2676161189556349
40.65832092638544,2.133617775569342,0.6085056027820711
40.694048800661704,2.2240792886567204,-0.9916574831312955
40.729776674937966,2.1974655728966153,-0.9160982432034547
40.76550454921423,2.2137666457303324,-1.0116504392691132
40.80123242349049,2.235239142253677,-0.9935267293138093
40.83696029776675,2.2343998655833324,-1.0026180540037806
40.87268817204301,2.234298599601187,-1.0658425453386953
40.908416046319275,2.214186224501923,-1.1904285290628707
40.944143920595536,2.2390614016457926,-1.2440165862411794
40.9798717948718,2.24937837344294,-1.2143359959910993
41.01559966914806,2.2679272233169,-1.2249240771632661
41.051327543424314,2.2672740232009594,-1.1321742979393106
41.087055417700576,2.2589747089148946,-1.1695334880573702
41.12278329197684,2.237095774588851,-1.1446700188165106
41.1585111662531,2.2246158053310183,-1.114269854095636
41.19423904052936,2.25467400508044,-1.1021578648495174
41.22996691480562,2.245300755284273,-1.1095002251238182
41.265694789081884,2.2512272023905453,-1.045461995234433
41.301422663358146,2.231598732962458,-1.0621647667473975
41.33715053763441,2.279240165058875,-1.0969801193360953
41.37287841191067,2.25563931812674,-1.0570083820301965
41.40860628618693,2.263115581851651,-1.0999542048822684
41.44433416046319,2.2626253916591774,-1.0041356170262572
41.480062034739454,2.2404961355671835,-1.0016390908681063
41.515789909015716,2.2479743350288173,-1.0473577787093433
41.55151778329198,2.2396231073322155,-1.0193984751510825
41.58724565756824,2.2481493905915615,-0.9743884456635823
41.6229735318445,2.2302007116171927,-1.0147025980793567
41.65870140612076,2.261103487419494,-0.9235022833697255
41.694429280397024,2.2402070581559057,-0.9654305104174924
41.730157154673286,2.266044864111871,-0.9009804784572361
41.76588502894955,2.2480817247221334,-1.007928324426281
41.80161290322581,2.241656655436023,-0.9381619216036855
41.83734077750207,2.2359671280131352,-0.8632334291777055
41.87306865177833,2.2381886840742355,-0.9789765530077812
41.90879652605459,2.251335987805374,-0.9632900856146285
41.94452440033085,2.2430899908172637,-0.8787987497114479
41.98025227460711,2.242950635366579,-0.9335807606635222
42.01598014888337,2.24273408821703,-0.9232845802351966
42.051708023159634,2.2584411227381,-0.919487657816716
42.087435897435896,2.252045305404147,-0.8995445944645778
42.12316377171216,2.2380212925316934,-0.8872239238036159
42.15889164598842,2.260624170996288,-0.8729047322352144
42.19461952026468,2.2332939754125216,-0.9265907170354606
42.23034739454094,2.2504250127790493,-0.8054715474692732
42.266075268817204,2.252287183273386,-0.8476159833681892
42.301803143093466,2.253737593955756,-0.852024201549727
42.33753101736973,2.242760723497948,-0.8794764951751897
42.37325889164599,2.2332238491670995,-0.8127249942366008
42.40898676592225,2.2546996000431068,-0.8612750159807248
42.44471464019851,2.239164666590473,-0.8225006367418224
42.480442514474774,2.247100940597874,-0.82729103104117
42.516170388751036,2.242557189631684,-0.8510185143416872
42.5518982630273,2.2369270627794697,-0.7948458531803386
42.58762613730356,2.23572247283079,-0.8711274839266013
42.62335401157982,2.2480167395240174,-0.8442972457504672
42.65908188585608,2.246588786439449,-0.9015474241129384
42.694809760132344,2.2594144501883133,-0.8579717556351049
42.7305376344086,2.2550787106560857,-0.8651635435729567
42.76626550868486,2.2573021311366612,-0.8754184849866475
42.80199338296112,2.2529960767112605,-0.8240652652704834
42.837721257237384,2.250655107781657,-0.912741208643069
42.873449131513645,2.2661579153736846,-0.9232170507332179
42.90917700578991,2.253775336318769,-0.9201826655690312
42.94490488006617,2.2553014517464685,-0.9393659252814183
42.98063275434243,2.243712677823406,-0.8922113492527788
43.01636062861869,2.2518667049642658,-0.9321779537376841
43.052088502894954,2.2589867945047923,-0.9925454439335673
43.087816377171215,2.2675263122488793,-1.0278904173376535
43.12354425144748,2.2815685970564967,-1.031660223953586
43.15927212572374,2.258336379116238,-1.1068285907104434
